{
  "timestamp": "2026-05-15T18:55:02.948515",
  "current_episode": 140,
  "total_episodes": 5000,
  "progress": 2.8000000000000003,
  "avg_reward": 0.5529499999999998,
  "elapsed_minutes": 30,
  "recent_rewards": [
    0.20249999999999999,
    0.37749999999999984,
    0.6649999999999999,
    0.3325,
    0.32749999999999996,
    0.7725,
    0.5775000000000001,
    0.3899999999999999,
    0.8350000000000001,
    4.0475,
    0.595,
    0.8400000000000001,
    0.7275,
    0.4700000000000001,
    0.615,
    0.42749999999999994,
    0.32749999999999996,
    3.92,
    0.7999999999999998,
    0.32749999999999996
  ],
  "evaluations": [],
  "analysis": {
    "recent_rewards": {
      "max": 4.0475,
      "min": 0.20249999999999999,
      "avg": 0.8788750000000002,
      "high_rewards_count": 2,
      "high_rewards": [
        [
          9,
          4.0475
        ],
        [
          17,
          3.92
        ]
      ]
    },
    "possible_causes": [
      "训练时间不足",
      "和牌是稀疏奖励",
      "epsilon探索阶段",
      "随机对手策略"
    ],
    "recommendations": [
      "继续训练到5000回合",
      "观察高奖励回合是否持续出现",
      "检查日志中是否有[和牌机会]记录"
    ],
    "key_findings": {
      "high_rewards_count": 2,
      "dqn_vs_opponents": "DQN表现一般"
    }
  }
}