{
  "current_episode": 100,
  "total_episodes": 100,
  "progress": 100,
  "is_training": false,
  "start_time": "2026-05-13T21:14:44.198800",
  "elapsed_seconds": 690.215539,
  "avg_reward": 0.994375,
  "recent_rewards": [
    1.045,
    0.79,
    1.0,
    1.0625000000000002,
    1.2925,
    0.9425000000000001,
    0.7850000000000001,
    0.7325,
    0.9275,
    1.0050000000000001,
    0.9425000000000001,
    0.9249999999999999,
    1.03,
    1.1575,
    1.0850000000000002,
    1.2525,
    1.0125,
    0.8675,
    0.6675000000000001,
    0.9850000000000001
  ],
  "evaluation_results": []
}