{
  "current_episode": 140,
  "total_episodes": 5000,
  "progress": 2.8000000000000003,
  "is_training": true,
  "start_time": "2026-05-15T20:22:30.824524",
  "elapsed_seconds": 1603.072442,
  "avg_reward": 0.5529499999999998,
  "recent_rewards": [
    0.20249999999999999,
    0.37749999999999984,
    0.6649999999999999,
    0.3325,
    0.32749999999999996,
    0.7725,
    0.5775000000000001,
    0.3899999999999999,
    0.8350000000000001,
    4.0475,
    0.595,
    0.8400000000000001,
    0.7275,
    0.4700000000000001,
    0.615,
    0.42749999999999994,
    0.32749999999999996,
    3.92,
    0.7999999999999998,
    0.32749999999999996
  ],
  "evaluation_results": []
}