{
  "episodes": [
    0,
    1,
    2,
    3,
    4,
    5,
    6,
    7,
    8,
    9,
    10,
    11,
    12,
    13,
    14,
    15,
    16,
    17,
    18,
    19,
    20,
    21,
    22,
    23,
    24,
    25,
    26,
    27,
    28,
    29,
    30,
    31,
    32,
    33,
    34,
    35,
    36,
    37,
    38,
    39,
    40,
    41,
    42,
    43,
    44,
    45,
    46,
    47,
    48,
    49,
    50,
    51,
    52,
    53,
    54,
    55,
    56,
    57,
    58,
    59,
    60,
    61,
    62,
    63,
    64,
    65,
    66,
    67,
    68,
    69,
    70,
    71,
    72,
    73,
    74,
    75,
    76,
    77,
    78,
    79,
    80,
    81,
    82,
    83,
    84,
    85,
    86,
    87,
    88,
    89,
    90,
    91,
    92,
    93,
    94,
    95,
    96,
    97,
    98,
    99
  ],
  "rewards": [
    [
      0.35,
      0.8500000000000001,
      0.12999999999999998,
      0.4800000000000001
    ],
    [
      -0.050000000000000044,
      0.8800000000000001,
      0.13,
      0.51
    ],
    [
      0.6199999999999999,
      0.49,
      0.009999999999999988,
      0.8200000000000001
    ],
    [
      -0.6,
      0.55,
      0.18000000000000002,
      0.43000000000000005
    ],
    [
      -0.88,
      0.21000000000000002,
      0.07999999999999999,
      0.8900000000000001
    ],
    [
      0.06000000000000005,
      0.23000000000000004,
      -0.03,
      0.18000000000000002
    ],
    [
      0.6399999999999999,
      1.04,
      0.18,
      0.03
    ],
    [
      -0.34999999999999987,
      0.59,
      0.03999999999999998,
      0.37
    ],
    [
      0.42999999999999994,
      0.06999999999999999,
      -0.04,
      0.12
    ],
    [
      0.43,
      1.1600000000000001,
      0.22999999999999998,
      0.25
    ],
    [
      0.3700000000000001,
      1.36,
      0.17,
      0.12
    ],
    [
      0.16000000000000003,
      1.1300000000000003,
      -0.04000000000000001,
      0.39
    ],
    [
      -0.17999999999999994,
      0.17,
      0.34,
      0.45999999999999996
    ],
    [
      1.18,
      0.39999999999999997,
      0.04999999999999999,
      0.19
    ],
    [
      1.01,
      0.5800000000000001,
      0.11,
      0.29000000000000004
    ],
    [
      -0.62,
      0.30999999999999994,
      0.21000000000000002,
      0.7499999999999999
    ],
    [
      0.5800000000000001,
      0.67,
      0.18,
      0.18000000000000005
    ],
    [
      0.43000000000000016,
      0.42,
      0.25999999999999995,
      1.21
    ],
    [
      0.7599999999999999,
      0.6199999999999999,
      0.26000000000000006,
      0.45
    ],
    [
      -0.1499999999999998,
      0.37,
      0.08000000000000002,
      0.18
    ],
    [
      0.49000000000000005,
      1.21,
      0.35,
      0.17000000000000004
    ],
    [
      0.35999999999999965,
      0.27,
      -0.04,
      0.19
    ],
    [
      -0.51,
      0.09,
      0.26999999999999996,
      0.4000000000000001
    ],
    [
      0.42000000000000004,
      0.06,
      0.8900000000000001,
      0.43000000000000005
    ],
    [
      -0.30000000000000004,
      1.0,
      -0.04,
      0.15
    ],
    [
      0.41000000000000003,
      0.3800000000000001,
      0.69,
      0.16
    ],
    [
      0.15000000000000013,
      0.11,
      0.3300000000000001,
      0.24
    ],
    [
      -0.1100000000000001,
      0.029999999999999992,
      0.24,
      0.4800000000000001
    ],
    [
      0.81,
      0.46,
      0.5499999999999999,
      0.25
    ],
    [
      0.31000000000000005,
      0.49,
      0.19,
      0.0
    ],
    [
      0.81,
      0.19999999999999998,
      0.41000000000000003,
      0.12
    ],
    [
      -0.030000000000000138,
      0.23000000000000004,
      0.46,
      0.7
    ],
    [
      0.71,
      0.9000000000000001,
      0.82,
      0.63
    ],
    [
      0.31,
      0.7600000000000001,
      0.44999999999999996,
      0.27
    ],
    [
      0.4500000000000001,
      1.12,
      0.01999999999999999,
      0.36
    ],
    [
      -0.25,
      0.29000000000000004,
      0.24999999999999997,
      0.54
    ],
    [
      -0.39,
      0.8400000000000001,
      -0.04000000000000001,
      0.77
    ],
    [
      0.26,
      0.04,
      0.08,
      0.37
    ],
    [
      0.40000000000000013,
      0.53,
      0.31999999999999995,
      0.65
    ],
    [
      0.6200000000000002,
      0.76,
      0.14999999999999997,
      0.5100000000000001
    ],
    [
      0.32000000000000006,
      0.23000000000000004,
      0.01999999999999999,
      0.25
    ],
    [
      0.7499999999999999,
      0.25999999999999995,
      0.5700000000000001,
      0.68
    ],
    [
      -0.060000000000000164,
      0.52,
      -0.04,
      0.69
    ],
    [
      0.6199999999999998,
      0.73,
      0.25,
      0.7000000000000001
    ],
    [
      0.41000000000000003,
      1.36,
      0.21,
      0.3400000000000001
    ],
    [
      -0.4800000000000001,
      0.19,
      0.41000000000000003,
      0.5499999999999999
    ],
    [
      -0.18000000000000005,
      0.53,
      0.47000000000000003,
      0.91
    ],
    [
      1.12,
      0.27,
      0.6900000000000001,
      0.4
    ],
    [
      0.1100000000000001,
      0.31,
      0.29,
      0.8300000000000001
    ],
    [
      -0.07000000000000017,
      0.22000000000000003,
      0.51,
      0.44
    ],
    [
      0.26000000000000023,
      0.27,
      0.009999999999999995,
      0.24
    ],
    [
      0.9299999999999998,
      0.22999999999999998,
      0.16999999999999998,
      1.44
    ],
    [
      0.62,
      0.33,
      0.30000000000000004,
      0.97
    ],
    [
      0.5,
      0.86,
      0.01,
      0.5700000000000001
    ],
    [
      1.0299999999999998,
      0.8800000000000001,
      0.03,
      0.69
    ],
    [
      0.010000000000000009,
      0.039999999999999994,
      0.39999999999999997,
      0.7100000000000001
    ],
    [
      0.9800000000000002,
      0.56,
      0.22000000000000003,
      0.5
    ],
    [
      0.4400000000000001,
      0.48000000000000004,
      0.78,
      0.36
    ],
    [
      -0.1499999999999998,
      0.3400000000000001,
      0.039999999999999994,
      0.12
    ],
    [
      1.3199999999999996,
      0.99,
      0.18,
      0.36
    ],
    [
      0.49000000000000005,
      0.5800000000000002,
      0.28,
      0.38
    ],
    [
      0.42000000000000004,
      1.02,
      -0.04,
      0.35000000000000003
    ],
    [
      -0.2500000000000001,
      0.5,
      0.2700000000000001,
      0.52
    ],
    [
      1.1400000000000001,
      0.43000000000000005,
      0.3,
      0.6
    ],
    [
      0.10000000000000009,
      0.43000000000000005,
      0.019999999999999997,
      0.24
    ],
    [
      0.5499999999999994,
      0.16000000000000003,
      0.07,
      0.49
    ],
    [
      0.64,
      0.32,
      0.4700000000000001,
      0.8899999999999999
    ],
    [
      0.6599999999999999,
      0.68,
      0.48,
      0.54
    ],
    [
      0.6399999999999999,
      0.7500000000000001,
      0.2700000000000001,
      0.28
    ],
    [
      0.3800000000000001,
      0.06999999999999999,
      0.16000000000000003,
      0.58
    ],
    [
      1.0399999999999998,
      1.03,
      0.16000000000000003,
      0.85
    ],
    [
      -0.26,
      0.4800000000000001,
      0.18000000000000005,
      0.25
    ],
    [
      0.5100000000000001,
      0.8400000000000001,
      -0.05,
      0.6399999999999999
    ],
    [
      1.4800000000000002,
      0.8400000000000001,
      0.0,
      0.36
    ],
    [
      1.1499999999999997,
      0.8400000000000001,
      0.04999999999999999,
      0.96
    ],
    [
      1.5199999999999998,
      0.48,
      0.0,
      0.54
    ],
    [
      1.1199999999999999,
      0.26000000000000006,
      0.6299999999999999,
      0.36
    ],
    [
      0.8999999999999997,
      0.5900000000000001,
      -0.05,
      1.13
    ],
    [
      0.51,
      0.64,
      0.26000000000000006,
      1.1600000000000001
    ],
    [
