{
  "episodes": [
    0,
    1,
    2,
    3,
    4,
    5,
    6,
    7,
    8,
    9,
    10,
    11,
    12,
    13,
    14,
    15,
    16,
    17,
    18,
    19,
    20,
    21,
    22,
    23,
    24,
    25,
    26,
    27,
    28,
    29,
    30,
    31,
    32,
    33,
    34,
    35,
    36,
    37,
    38,
    39,
    40,
    41,
    42,
    43,
    44,
    45,
    46,
    47,
    48,
    49
  ],
  "rewards": [
    [
      0.69,
      0.29000000000000004,
      0.04999999999999999,
      0.73
    ],
    [
      0.64,
      0.7100000000000001,
      0.10999999999999999,
      0.30000000000000004
    ],
    [
      -0.6799999999999999,
      0.25000000000000006,
      0.16999999999999998,
      0.7600000000000001
    ],
    [
      0.73,
      0.32000000000000006,
      0.3500000000000001,
      0.49
    ],
    [
      -0.7599999999999999,
      0.5200000000000001,
      0.28,
      0.43
    ],
    [
      -0.41999999999999993,
      0.4900000000000002,
      0.06999999999999998,
      0.3
    ],
    [
      -0.75,
      0.45,
      0.06,
      0.9700000000000001
    ],
    [
      -0.03000000000000025,
      0.31,
      0.26,
      0.13
    ],
    [
      0.8300000000000001,
      0.9400000000000002,
      0.11,
      0.25
    ],
    [
      -0.5,
      0.42000000000000004,
      0.65,
      0.28
    ],
    [
      0.33,
      1.13,
      0.7,
      0.13
    ],
    [
      -0.8200000000000001,
      0.7600000000000001,
      0.26999999999999996,
      0.4600000000000001
    ],
    [
      0.78,
      0.45999999999999996,
      0.019999999999999997,
      0.27999999999999997
    ],
    [
      0.28,
      0.63,
      0.7100000000000002,
      0.19
    ],
    [
      0.71,
      0.45000000000000007,
      0.27999999999999997,
      0.62
    ],
    [
      0.57,
      0.4600000000000001,
      0.62,
      0.24
    ],
    [
      0.51,
      0.63,
      0.31,
      0.01
    ],
    [
      0.26000000000000006,
      0.7200000000000002,
      0.6000000000000001,
      0.12
    ],
    [
      0.15,
      0.4000000000000001,
      0.8600000000000001,
      0.41000000000000003
    ],
    [
      0.42000000000000004,
      0.9300000000000002,
      0.01999999999999999,
      0.32
    ],
    [
      0.35000000000000003,
      0.5700000000000001,
      0.30999999999999994,
      0.8700000000000001
    ],
    [
      -0.29000000000000015,
      0.8,
      0.42,
      0.38
    ],
    [
      0.16,
      0.5700000000000001,
      0.8200000000000001,
      0.19
    ],
    [
      -0.30999999999999994,
      0.26,
      0.07999999999999997,
      0.32000000000000006
    ],
    [
      0.6799999999999998,
      0.9100000000000001,
      0.27,
      0.37
    ],
    [
      0.53,
      0.25999999999999995,
      0.79,
      0.18
    ],
    [
      0.30999999999999994,
      0.22,
      0.27,
      0.67
    ],
    [
      -0.3699999999999999,
      0.25999999999999995,
      0.13999999999999996,
      0.36
    ],
    [
      0.52,
      0.8700000000000001,
      0.11999999999999997,
      0.45000000000000007
    ],
    [
      -0.1,
      1.4900000000000004,
      -0.010000000000000004,
      0.23000000000000004
    ],
    [
      0.04999999999999999,
      1.2100000000000002,
      0.14999999999999997,
      0.33999999999999997
    ],
    [
      0.4699999999999999,
      0.74,
      0.3,
      0.45
    ],
    [
      -0.7,
      0.6300000000000001,
      0.14,
      0.19
    ],
    [
      -0.1399999999999999,
      0.13,
      -0.03,
      0.28
    ],
    [
      -0.55,
      0.7000000000000001,
      0.18,
      0.11
    ],
    [
      0.23000000000000004,
      0.48000000000000004,
      0.8400000000000001,
      0.29000000000000004
    ],
    [
      0.47,
      0.6600000000000001,
      0.4,
      0.5
    ],
    [
      0.26,
      0.6500000000000001,
      0.18000000000000005,
      0.8500000000000001
    ],
    [
      0.13,
      0.52,
      0.5799999999999998,
      0.8
    ],
    [
      -0.11999999999999988,
      0.2600000000000001,
      0.5,
      0.11
    ],
    [
      0.9199999999999999,
      0.55,
      -0.010000000000000002,
      0.18
    ],
    [
      -0.12,
      0.21000000000000002,
      0.75,
      0.32
    ],
    [
      0.56,
      1.5199999999999998,
      0.16,
      0.24
    ],
    [
      0.4800000000000001,
      0.96,
      0.15000000000000002,
      0.22000000000000003
    ],
    [
      0.56,
      0.7300000000000001,
      0.48,
      0.14
    ],
    [
      0.6300000000000001,
      0.25,
      0.09999999999999999,
      0.6300000000000001
    ],
    [
      0.020000000000000018,
      0.43000000000000005,
      0.11999999999999998,
      0.43
    ],
    [
      0.76,
      0.7799999999999999,
      0.42000000000000015,
      1.02
    ],
    [
      -0.47,
      0.41000000000000003,
      -0.07,
      0.94
    ],
    [
      0.07000000000000006,
      0.18000000000000005,
      0.33,
      0.7599999999999999
    ]
  ],
  "wins": [],
  "losses": []
}