{
  "episodes": [
    0,
    1,
    2,
    3,
    4,
    5,
    6,
    7,
    8,
    9,
    10,
    11,
    12,
    13,
    14,
    15,
    16,
    17,
    18,
    19,
    20,
    21,
    22,
    23,
    24,
    25,
    26,
    27,
    28,
    29,
    30,
    31,
    32,
    33,
    34,
    35,
    36,
    37,
    38,
    39,
    40,
    41,
    42,
    43,
    44,
    45,
    46,
    47,
    48,
    49,
    50,
    51,
    52,
    53,
    54,
    55,
    56,
    57,
    58,
    59,
    60,
    61,
    62,
    63,
    64,
    65,
    66,
    67,
    68,
    69,
    70,
    71,
    72,
    73,
    74,
    75,
    76,
    77,
    78,
    79,
    80,
    81,
    82,
    83,
    84,
    85,
    86,
    87,
    88,
    89,
    90,
    91,
    92,
    93,
    94,
    95,
    96,
    97,
    98,
    99
  ],
  "rewards": [
    [
      -0.47,
      0.6300000000000001,
      -0.030000000000000013,
      0.37
    ],
    [
      -0.47999999999999987,
      0.39,
      0.06999999999999999,
      0.37000000000000005
    ],
    [
      0.5800000000000001,
      0.52,
      0.22999999999999998,
      0.67
    ],
    [
      0.72,
      0.32,
      0.35,
      0.32000000000000006
    ],
    [
      0.44,
      0.24,
      0.59,
      0.38000000000000006
    ],
    [
      -0.32999999999999985,
      0.24,
      0.43000000000000005,
      0.15
    ],
    [
      1.06,
      0.25999999999999995,
      0.34,
      0.33999999999999997
    ],
    [
      0.23999999999999994,
      0.32999999999999996,
      0.35000000000000003,
      0.8200000000000001
    ],
    [
      0.31,
      0.95,
      0.11999999999999998,
      0.74
    ],
    [
      0.41000000000000003,
      0.28,
      0.12,
      0.9199999999999999
    ],
    [
      1.2899999999999998,
      0.31000000000000005,
      0.5,
      0.27
    ],
    [
      0.31999999999999995,
      1.0300000000000002,
      0.13999999999999996,
      0.15
    ],
    [
      0.9099999999999999,
      0.27999999999999997,
      0.27,
      0.16
    ],
    [
      -0.81,
      0.7000000000000002,
      0.24,
      0.5800000000000001
    ],
    [
      0.6499999999999999,
      0.2,
      0.08,
      0.73
    ],
    [
      0.31999999999999995,
      0.6000000000000001,
      0.47,
      0.36
    ],
    [
      0.33999999999999997,
      0.3600000000000001,
      1.28,
      0.01
    ],
    [
      0.16999999999999998,
      1.2999999999999998,
      0.6599999999999999,
      0.19
    ],
    [
      0.24,
      0.48000000000000004,
      0.65,
      0.66
    ],
    [
      0.99,
      0.71,
      0.17000000000000004,
      0.13
    ],
    [
      0.18000000000000002,
      0.5200000000000001,
      0.4599999999999999,
      0.68
    ],
    [
      0.4,
      0.5999999999999999,
      0.48000000000000004,
      0.16
    ],
    [
      -0.32999999999999996,
      0.8799999999999999,
      0.4,
      0.13
    ],
    [
      0.07999999999999999,
      1.43,
      0.09999999999999999,
      0.37000000000000005
    ],
    [
      0.8300000000000002,
      0.29,
      0.53,
      0.01
    ],
    [
      -0.5700000000000001,
      0.53,
      0.07999999999999999,
      0.18000000000000002
    ],
    [
      0.5999999999999999,
      0.54,
      0.3700000000000001,
      0.32
    ],
    [
      -0.36,
      0.33,
      0.10000000000000002,
      0.61
    ],
    [
      0.5499999999999999,
      0.06999999999999999,
      0.61,
      0.97
    ],
    [
      -0.07999999999999996,
      0.29000000000000004,
      0.27,
      0.12
    ],
    [
      0.33,
      0.4500000000000002,
      0.32,
      0.34
    ],
    [
      0.25999999999999995,
      1.07,
      0.26999999999999996,
      0.12
    ],
    [
      -0.18999999999999995,
      0.15999999999999998,
      0.04,
      0.48000000000000004
    ],
    [
      0.63,
      0.32,
      -0.04,
      0.74
    ],
    [
      0.010000000000000231,
      0.17999999999999997,
      0.009999999999999997,
      0.62
    ],
    [
      -0.07999999999999985,
      0.18,
      -0.04,
      0.32
    ],
    [
      -0.39,
      0.43,
      0.32000000000000006,
      0.31000000000000005
    ],
    [
      0.7300000000000002,
      0.34,
      0.6400000000000001,
      0.27
    ],
    [
      0.52,
      0.29000000000000004,
      0.53,
      0.38000000000000006
    ],
    [
      0.7500000000000001,
      0.97,
      0.029999999999999995,
      0.15
    ],
    [
      1.0600000000000003,
      0.16999999999999998,
      0.10999999999999999,
      0.8
    ],
    [
      0.3699999999999999,
      0.6000000000000001,
      0.04,
      0.15
    ],
    [
      0.41000000000000003,
      0.21999999999999997,
      0.6300000000000001,
      0.68
    ],
    [
      0.30000000000000027,
      0.3400000000000001,
      0.06999999999999998,
      0.4
    ],
    [
      0.16000000000000014,
      0.26,
      0.46,
      0.01999999999999999
    ],
    [
      0.24,
      1.1800000000000002,
      0.09999999999999999,
      0.18
    ],
    [
      -0.52,
      0.28,
      0.6000000000000001,
      0.2
    ],
    [
      0.5400000000000001,
      0.5000000000000001,
      0.59,
      0.65
    ],
    [
      -0.2699999999999998,
      0.3,
      0.06999999999999998,
      0.13
    ],
    [
      0.7999999999999999,
      0.4,
      0.99,
      0.81
    ],
    [
      1.29,
      0.13,
      0.24000000000000005,
      0.6000000000000001
    ],
    [
      -0.5700000000000001,
      0.25,
      0.26,
      0.6300000000000001
    ],
    [
      0.08000000000000007,
      0.25,
      0.04999999999999999,
      0.38000000000000006
    ],
    [
      -0.2899999999999999,
      0.51,
      0.08999999999999998,
      0.18
    ],
    [
      -0.030000000000000027,
      0.45,
      0.14999999999999997,
      0.0
    ],
    [
      0.1200000000000001,
      0.35000000000000003,
      0.09,
      0.08
    ],
    [
      0.7199999999999999,
      1.27,
      0.5,
      0.55
    ],
    [
      -0.07999999999999985,
      0.21000000000000002,
      0.22000000000000003,
      0.16
    ],
    [
      0.7,
      0.51,
      0.3,
      0.39
    ],
    [
      -0.08999999999999986,
      0.41000000000000003,
      0.28,
      0.24
    ],
    [
      -0.1100000000000001,
      0.24000000000000005,
      0.13,
      1.12
    ],
    [
      0.9099999999999999,
      0.39000000000000007,
      0.5000000000000001,
      0.9099999999999999
    ],
    [
      0.020000000000000018,
      0.25000000000000006,
      0.19,
      0.25
    ],
    [
      0.85,
      0.019999999999999997,
      1.09,
      0.27
    ],
    [
      1.22,
      0.81,
      0.4,
      0.42000000000000004
    ],
    [
      0.07000000000000006,
      0.43,
      0.25,
      0.12
    ],
    [
      0.5,
      0.6399999999999999,
      0.5200000000000001,
      0.25
    ],
    [
      -0.33999999999999997,
      0.15,
      0.13999999999999999,
      0.7000000000000001
    ],
    [
      1.01,
      0.31,
      0.34,
      0.56
    ],
    [
      0.7500000000000001,
      0.8899999999999999,
      0.009999999999999986,
      0.59
    ],
    [
      0.9,
      0.5000000000000001,
      0.39999999999999997,
      0.6699999999999999
    ],
    [
      0.49000000000000005,
      0.76,
      0.18,
      0.41000000000000003
    ],
    [
      0.8799999999999999,
      0.7899999999999999,
      0.16999999999999998,
      0.6200000000000001
    ],
    [
      0.74,
      1.4500000000000002,
      0.13,
      0.33999999999999997
    ],
    [
      -0.7299999999999999,
      0.15,
      0.23000000000000004,
      0.77
    ],
    [
      1.0099999999999998,
      0.14,
      1.0299999999999998,
      0.29
    ],
    [
      0.33000000000000007,
      0.43000000000000005,
      0.6200000000000001,
      0.86
    ],
    [
      0.8599999999999999,
      0.38,
      0.13999999999999996,
      1.4000000000000001
    ],
    [
      1.3100000000000003,
      0.6599999999999999,
      0.04999999999999999,
      0.3
    ],
    [
      0.16999999999999993,
      0.55,
