{
  "episodes": [
    0,
    1,
    2,
    3,
    4,
    5,
    6,
    7,
    8,
    9,
    10,
    11,
    12,
    13,
    14,
    15,
    16,
    17,
    18,
    19,
    20,
    21,
    22,
    23,
    24,
    25,
    26,
    27,
    28,
    29,
    30,
    31,
    32,
    33,
    34,
    35,
    36,
    37,
    38,
    39,
    40,
    41,
    42,
    43,
    44,
    45,
    46,
    47,
    48,
    49,
    50,
    51,
    52,
    53,
    54,
    55,
    56,
    57,
    58,
    59,
    60,
    61,
    62,
    63,
    64,
    65,
    66,
    67,
    68,
    69,
    70,
    71,
    72,
    73,
    74,
    75,
    76,
    77,
    78,
    79,
    80,
    81,
    82,
    83,
    84,
    85,
    86,
    87,
    88,
    89,
    90,
    91,
    92,
    93,
    94,
    95,
    96,
    97,
    98,
    99,
    100,
    101,
    102,
    103,
    104,
    105,
    106,
    107,
    108,
    109,
    110,
    111,
    112,
    113,
    114,
    115,
    116,
    117,
    118,
    119,
    120,
    121,
    122,
    123,
    124,
    125,
    126,
    127,
    128,
    129,
    130,
    131,
    132,
    133,
    134,
    135,
    136,
    137,
    138,
    139,
    140,
    141,
    142,
    143,
    144,
    145,
    146,
    147,
    148,
    149,
    150,
    151,
    152,
    153,
    154,
    155,
    156,
    157,
    158,
    159,
    160,
    161,
    162,
    163,
    164,
    165,
    166,
    167,
    168,
    169,
    170,
    171,
    172,
    173,
    174,
    175,
    176,
    177,
    178,
    179,
    180,
    181,
    182,
    183,
    184,
    185,
    186,
    187,
    188,
    189,
    190,
    191,
    192,
    193,
    194,
    195,
    196,
    197,
    198,
    199
  ],
  "rewards": [
    [
      1.56,
      0.67,
      0.12999999999999998,
      1.4900000000000002
    ],
    [
      1.4700000000000002,
      1.53,
      0.30000000000000004,
      0.7300000000000001
    ],
    [
      0.43999999999999995,
      0.63,
      0.42000000000000004,
      3.11
    ],
    [
      -2.7755575615628914e-17,
      2.1599999999999997,
      1.9300000000000004,
      0.64
    ],
    [
      0.09999999999999996,
      1.9699999999999998,
      0.7000000000000001,
      0.99
    ],
    [
      1.29,
      3.0799999999999996,
      0.4900000000000001,
      0.0
    ],
    [
      3.2099999999999995,
      0.76,
      -0.07,
      0.25
    ],
    [
      0.7000000000000001,
      0.77,
      1.1199999999999999,
      0.78
    ],
    [
      0.86,
      2.1399999999999997,
      1.22,
      0.31000000000000005
    ],
    [
      0.49,
      1.29,
      1.3800000000000001,
      0.25
    ],
    [
      0.6900000000000001,
      0.91,
      1.4900000000000002,
      1.66
    ],
    [
      1.03,
      1.72,
      0.6500000000000001,
      0.22000000000000003
    ],
    [
      0.43000000000000005,
      1.0999999999999999,
      0.5,
      2.02
    ],
    [
      2.5599999999999996,
      1.02,
      -0.07,
      0.33
    ],
    [
      0.55,
      0.42,
      2.4800000000000004,
      0.8099999999999999
    ],
    [
      1.4800000000000002,
      -0.1,
      1.04,
      1.2200000000000002
    ],
    [
      0.38,
      1.03,
      2.0900000000000003,
      0.7000000000000001
    ],
    [
      2.0300000000000002,
      0.42000000000000004,
      0.13999999999999999,
      0.5800000000000001
    ],
    [
      0.41,
      0.25,
      1.87,
      1.44
    ],
    [
      1.6700000000000002,
      0.87,
      0.8500000000000001,
      0.6399999999999999
    ],
    [
      0.53,
      0.8400000000000001,
      0.45000000000000007,
      2.8799999999999994
    ],
    [
      1.4200000000000002,
      0.55,
      0.21000000000000002,
      1.3599999999999999
    ],
    [
      2.5499999999999994,
      1.0299999999999998,
      0.51,
      0.53
    ],
    [
      0.9600000000000001,
      0.5700000000000001,
      1.5199999999999996,
      0.78
    ],
    [
      1.03,
      3.26,
      0.06,
      0.25
    ],
    [
      1.6600000000000001,
      0.41000000000000003,
      0.6199999999999999,
      0.74
    ],
    [
      1.62,
      1.4200000000000002,
      0.88,
      0.83
    ],
    [
      1.9700000000000004,
      1.15,
      -0.2,
      0.43000000000000005
    ],
    [
      -0.15000000000000002,
      2.73,
      1.3,
      0.66
    ],
    [
      0.64,
      2.6299999999999994,
      0.29000000000000004,
      1.02
    ],
    [
      1.65,
      2.5900000000000003,
      -0.010000000000000009,
      0.66
    ],
    [
      3.4899999999999993,
      1.2800000000000002,
      0.12999999999999998,
      0.25
    ],
    [
      2.2199999999999998,
      0.42000000000000004,
      0.5700000000000002,
      1.3900000000000001
    ],
    [
      1.3800000000000003,
      0.7600000000000001,
      0.15999999999999998,
      0.91
    ],
    [
      0.9399999999999998,
      1.04,
      1.17,
      0.5900000000000001
    ],
    [
      0.8900000000000001,
      0.77,
      1.5199999999999996,
      0.65
    ],
    [
      1.8799999999999997,
      1.15,
      -0.2,
      0.28
    ],
    [
      1.1400000000000001,
      0.6999999999999998,
      1.2,
      0.4
    ],
    [
      0.9700000000000001,
      1.13,
      0.78,
      0.28
    ],
    [
      0.39,
      2.5000000000000004,
      0.4100000000000001,
      1.1700000000000002
    ],
    [
      0.89,
      1.5200000000000002,
      0.58,
      0.9700000000000001
    ],
    [
      0.41000000000000003,
      0.8400000000000001,
      -0.2,
      3.099999999999999
    ],
    [
      1.4300000000000002,
      1.37,
      0.21000000000000005,
      1.3599999999999999
    ],
    [
      0.38,
      1.5600000000000003,
      1.48,
      1.12
    ],
    [
      0.44999999999999996,
      0.6400000000000001,
      1.98,
      0.48
    ],
    [
      0.5599999999999999,
      0.8899999999999999,
      1.22,
      1.13
    ],
    [
      0.8899999999999999,
      2.5300000000000002,
      0.31000000000000005,
      0.28
    ],
    [
      0.44,
      0.67,
      1.7900000000000003,
      1.1700000000000002
    ],
    [
      0.55,
      2.05,
      0.22999999999999998,
      1.4200000000000002
    ],
    [
      0.27999999999999997,
      2.5100000000000002,
      -0.12000000000000001,
      1.2100000000000002
    ],
    [
      1.19,
      1.25,
      0.6000000000000001,
      0.56
    ],
    [
      1.0700000000000003,
      1.1500000000000004,
      0.97,
      0.7600000000000001
    ],
    [
      1.0,
      1.99,
      1.8200000000000003,
      0.5
    ],
    [
      0.17999999999999997,
      2.35,
      0.74,
      0.81
    ],
    [
      2.349999999999999,
      0.8300000000000001,
      0.6200000000000001,
      0.73
    ],
    [
      1.2,
      1.1,
      1.05,
      0.4700000000000001
    ],
    [
      0.8099999999999999,
      1.37,
      1.8,
      0.44000000000000006
    ],
    [
      0.5899999999999999,
      1.01,
      0.4800000000000001,
      0.78
    ],
    [
      1.03,
      1.0899999999999999,
      0.7200000000000001,
      0.8099999999999998
    ],
    [
      1.6,
      0.84,
      -0.1,
      1.6700000000000002
    ],
    [
      0.73,
      1.5100000000000002,
      0.2700000000000001,
      0.66
    ],
    [
      0.38,
      2.78,
      -0.07,
      0.92
    ],
    [
      1.98,
      1.56,
      0.73,
      0.8000000000000002
    ],
    [
      2.1299999999999994,
      0.88,
      0.51,
      0.25
    ],
    [
      0.6599999999999999,
      1.4,
      0.8700000000000001,
      1.31
    ],
    [
      1.22,
      1.4600000000000002,
      0.28,
      1.11
    ],
    [
      0.61,
      1.31,
      0.7000000000000001,
      1.26
    ],
    [
      0.09999999999999998,
      1.6500000000000004,
      1.74,
      0.25
    ],
    [
      0.7999999999999999,
      2.08,
      0.14,
      0.64
    ],
    [
      1.9699999999999998,
      1.41,
      0.8600000000000001,
      0.33
    ],
    [
      1.5999999999999999,
      1.74,
      0.22999999999999998,
      1.0
    ],
    [
